car_id,Бренд,Год выпуска,Модель,Тип машины,Полное название,Исползование,КПП,Двигатель,Привод,Топливо,Расход,Пробег,Цвет,Локация,Количество цилиндров,Тип кузова,Двери,Количество кресел,Оценка эксперта,Количество владельцев,Предложение
65e4207d-80c1-47a9-9ce8-51a5e5cfca5c,GWM,2022.0,HAVAL,SPRINGWOOD GWM HAVAL,2022 GWM HAVAL H6 ULTRA AWD,DEMO,Automatic,"4 cyl, 2 L",AWD,PREMIUM,9.8 L / 100 km,244,Grey / Black,"SPRINGWOOD, QLD",4 cyl,SUV, 4 Doors, 5 Seats,4,5,32145
331006ba-098d-4b5b-9f05-3cf9544c30ec,FORD,2014.0,TERRITORY,SUV,2014 FORD TERRITORY TITANIUM (4X4),USED,Automatic,"6 cyl, 2.7 L",AWD,DIESEL,9 L / 100 km,202408,White / -,"PENRITH, NSW",6 cyl,SUV, 4 Doors, 7 Seats,6,6,15949
43a44ee6-5293-4a42-a04f-faf3bf0967b4,NISSAN,2021.0,X-TRAIL,SUV,2021 NISSAN X-TRAIL TI (4WD),USED,Automatic,"4 cyl, 2.5 L",4WD,UNLEADED,8.3 L / 100 km,23301,White / -,"WEST FOOTSCRAY, VIC",4 cyl,SUV, 4 Doors, 5 Seats,4,7,39616
383affa3-d8da-4ad0-9bd7-91f48c1c00ac,VOLVO,2022.0,XC60,SUV,2022 VOLVO XC60 B5 MOMENTUM MHEV,USED,Automatic,"4 cyl, 2 L",AWD,HYBRID,7.6 L / 100 km,17359,White / Black,"SOUTH BUNBURY, WA",4 cyl,SUV, 4 Doors, 5 Seats,1,9,70449
e100c33a-b78c-479d-8edf-5734b2bde7fd,RENAULT,2018.0,KOLEOS,SUV,2018 RENAULT KOLEOS INTENS (4X4),USED,Automatic,"4 cyl, 2 L",4WD,DIESEL,6.1 L / 100 km,100456,White / -,"RINGWOOD, VIC",4 cyl,SUV, 4 Doors, 5 Seats,1,8,22895
85356769-9239-48d6-9c83-a918b7a8e66f,KIA,2019.0,PICANTO,HATCHBACK,2019 KIA PICANTO S (AEB),USED,Automatic,"4 cyl, 1.2 L",Front,UNLEADED,5.8 L / 100 km,58762,White / -,"VICTORIA PARK, WA",4 cyl,HATCHBACK, 5 Doors, 5 Seats,4,4,20659
5e974caa-66e1-4be3-8899-67dd5c116bb0,AUDI,2021.0,A1,HATCHBACK,2021 AUDI A1 30 TFSI S TRONIC,USED,Automatic,"3 cyl, 1 L",Front,PREMIUM,5.4 L / 100 km,16691,Grey / -,"RYDE, NSW",3 cyl,HATCHBACK, 5 Doors, 5 Seats,2,9,27832
97c4619a-0a2b-4f26-aa57-d5ccd780bd79,MITSUBISHI,2022.0,TRITON,UTE / TRAY,2022 MITSUBISHI TRITON GSR (4X4),USED,Automatic,"4 cyl, 2.4 L",4WD,DIESEL,8.6 L / 100 km,18407,Grey / -,"BUNGALOW, QLD",4 cyl,UTE / TRAY, 4 Doors, 5 Seats,8,2,50290
f9a39f6d-cfdb-475a-a2b2-d4a3d414cffe,TOYOTA,2019.0,RAV4,SUV,2019 TOYOTA RAV4 GX (2WD),USED,Automatic,"4 cyl, 2 L",Front,UNLEADED,6.5 L / 100 km,97790,White / Grey,"PAKENHAM, VIC",4 cyl,SUV, 5 Doors, 5 Seats,8,6,35064
c322cca0-b4f2-42be-b40a-df689287c6e0,FORD,2004.0,FAIRLANE,SEDAN,2004 FORD FAIRLANE GHIA,USED,Automatic,"8 cyl, 5.4 L",Rear,UNLEADED,15 L / 100 km,203910,- / -,"BLAIR ATHOL, SA",8 cyl,SEDAN, 4 Doors, 5 Seats,4,1,7466
abb8d654-cb62-4e8b-b951-4e1c6460f6ed,HYUNDAI,2018.0,TUCSON,SUV,2018 HYUNDAI TUCSON ACTIVE (FWD),USED,Automatic,"4 cyl, 2 L",Front,UNLEADED,7.9 L / 100 km,147444,White / Black,"RINGWOOD, VIC",4 cyl,SUV, 4 Doors, 5 Seats,6,5,23323
530b081b-7382-4486-966d-7907b644d5e8,LEXUS,2022.0,LX500D,SUV,2022 LEXUS LX500D SPORTS LUXURY,USED,Automatic,"6 cyl, 3.3 L",AWD,DIESEL,8.9 L / 100 km,618,- / -,"BELMORE, NSW",6 cyl,SUV, 4 Doors, 5 Seats,2,4,158606
6643a11e-6bf7-401d-af3c-40e6c0deeaa8,KIA,2016.0,SORENTO,SUV,2016 KIA SORENTO SI (4X4),USED,Automatic,"4 cyl, 2.2 L",AWD,DIESEL,7.8 L / 100 km,65746,Grey / Black  Cloth,"CABOOLTURE, QLD",4 cyl,SUV, 4 Doors, 7 Seats,1,3,28868
fd104f5d-38ed-4d3a-9c67-017bbe5d6e59,RENAULT,2023.0,KOLEOS,"BRIGHTON RENAULT, SUZUKI & NISSAN NEW",2023 RENAULT KOLEOS INTENS (4X2),DEMO,Automatic,"4 cyl, 2.5 L",Front,UNLEADED,8.1 L / 100 km,3300,Red / Black,"BENTLEIGH, VIC",4 cyl,SUV, 4 Doors, 5 Seats,9,1,37554
e8744487-3e08-4741-b1e7-57066524da5b,MITSUBISHI,2019.0,PAJERO,VALLEY FORD TRARALGON USED,2019 MITSUBISHI PAJERO GLX5,USED,Automatic,-,Other,DIESEL,-,153572,White / -,"TRARALGON, VIC",-,SUV,,,6,1,28472
37c0a8c8-8ed9-459a-b258-b4ff63c9ac12,VOLKSWAGEN,2023.0,T-CROSS,SUTHERLAND VOLKSWAGEN NEW CARS,2023 VOLKSWAGEN T-CROSS 85TFSI STYLE (RESTRICTED FEAT),NEW,Automatic,"3 cyl, 1 L",Front,PREMIUM,5.4 L / 100 km,-,Grey / -,"SUTHERLAND, NSW",3 cyl,SUV, 4 Doors, 5 Seats,5,4,41366
5b53bbdb-6a25-4e93-8f5d-e7a1e62e4cd6,FORD,2021.0,PUMA,SUV,2021 FORD PUMA,USED,Automatic,"3 cyl, 1 L",Front,PREMIUM,5.3 L / 100 km,8645,Grey / 2022/01,"DANDENONG SOUTH, VIC",3 cyl,SUV, 5 Doors, 5 Seats,8,4,29173
24c73e48-43bf-4233-a17e-dc9537e234ad,FORD,2018.0,MONDEO,WAGON,2018 FORD MONDEO AMBIENTE TDCI,USED,Automatic,"4 cyl, 2 L",Front,DIESEL,5.3 L / 100 km,156507,White / Grey,"HAMILTON NORTH, NSW",4 cyl,WAGON, 4 Doors, 5 Seats,7,7,14887
3e0d2295-dccf-451c-8f79-eb11ae53b244,MITSUBISHI,2008.0,DELICA,UNIBEE AUSTRALIA,2008 MITSUBISHI DELICA,USED,Automatic,-,Other,UNLEADED,-,97091,Black / Grey,"DANDENONG, VIC",-,COMMERCIAL,,,7,3,22468
ebed8fac-7333-4a00-9656-fc70c9ec1ab5,AUDI,2017.0,Q2,SUV,2017 AUDI Q2 2.0 TDI QUATTRO YD,USED,Automatic,"4 cyl, 2 L",AWD,DIESEL,5 L / 100 km,107572,- / -,"LIVERPOOL, NSW",4 cyl,SUV, 4 Doors, 5 Seats,4,3,35358
e7ed1f57-34d6-4ac4-b9d1-16367c4f5ec3,NISSAN,2015.0,NAVARA,QLD 4X4 PTY LTD,2015 NISSAN NAVARA ST,USED,Manual,-,Other,DIESEL,-,169969,Black / -,"BARINGA, QLD",-,UTE / TRAY,,,8,6,28562
30549af1-c369-45ea-be42-66ae6a9aea7e,MAZDA,2017.0,CX-5,SUV,2017 MAZDA CX-5 AKERA (4X4),USED,Automatic,"4 cyl, 2.5 L",AWD,UNLEADED,7.4 L / 100 km,61011,Silver / -,"ROZELLE, NSW",4 cyl,SUV, 4 Doors, 5 Seats,7,2,35987
f8909eb5-f507-4658-b53c-e1414137a690,HOLDEN,2011.0,CRUZE,SEDAN,2011 HOLDEN CRUZE CD,USED,Automatic,"4 cyl, 1.8 L",Front,UNLEADED,7.5 L / 100 km,159822,White / -,"CAMPBELLTOWN, NSW",4 cyl,SEDAN, 4 Doors, 5 Seats,4,1,7185
b94d2bab-a3bf-4fdb-b726-d9c77c0cda11,BMW,2015.0,225I,HATCHBACK,2015 BMW 225I ACTIVE TOURER SPORT LINE,USED,Automatic,"4 cyl, 2 L",Front,PREMIUM,6.1 L / 100 km,36705,Silver / -,"GLEBE, NSW",4 cyl,HATCHBACK, 4 Doors, 5 Seats,2,2,26697
b3bb805e-93fb-4c29-a873-969855af405a,NISSAN,2022.0,QASHQAI,SPRINGWOOD NISSAN NEW,2022 NISSAN QASHQAI TI 2-TONE,DEMO,Automatic,"4 cyl, 1.3 L",Front,PREMIUM,6.1 L / 100 km,1082,Red / Blue/Black,"SPRINGWOOD, QLD",4 cyl,SUV, 4 Doors, 5 Seats,2,1,46177
15e00eef-ce7c-47d6-838e-3f3d97e35442,TOYOTA,2018.0,COROLLA,HATCHBACK,2018 TOYOTA COROLLA ASCENT SPORT,USED,Automatic,"4 cyl, 2 L",Front,UNLEADED,6 L / 100 km,15000,Silver / -,"BOWRAL, NSW",4 cyl,HATCHBACK, 5 Doors, 5 Seats,9,2,26974
9aca509e-9629-4b09-b47a-aa4430428480,BMW,2022.0,2,KLOSTER BMW AND MINI GARAGE - USED,2022 BMW 2 SERIES 230I STEPTRONIC M SPORT,USED,Automatic,-,Rear,PREMIUM,-,4140,Purple / Black Leather,"NEWCASTLE WEST, NSW",-,COUPE,,,4,5,74592
ef2f0e59-6e31-43f7-ac5c-eaf3d44bda17,KIA,2013.0,GRAND,WAGON,2013 KIA GRAND CARNIVAL SLI,USED,Automatic,"6 cyl, 3.5 L",Front,UNLEADED,10.9 L / 100 km,98672,White / -,"MINCHINBURY, NSW",6 cyl,WAGON, 4 Doors, 8 Seats,4,1,13846
884097c1-238a-424a-8451-a4ca30375c80,SUBARU,2019.0,WRX,SEDAN,2019 SUBARU WRX (AWD),USED,Automatic,"4 cyl, 2 L",AWD,PREMIUM,8.6 L / 100 km,23588,Blue / Black Cloth,"OAKLEIGH, VIC",4 cyl,SEDAN, 4 Doors, 5 Seats,1,4,40339
2b4585c9-6ba8-4f82-9a96-5c8ebbdb5cd3,MERCEDES-BENZ,2013.0,A250,HATCHBACK,2013 MERCEDES-BENZ A250 SPORT,USED,Automatic,"4 cyl, 2 L",Front,PREMIUM,6.6 L / 100 km,96411,White / Black,"CARLTON, NSW",4 cyl,HATCHBACK, 5 Doors, 5 Seats,7,4,22659
e653c48f-1de6-4176-a51c-7fb5969ddeaf,MITSUBISHI,2015.0,LANCER,SEDAN,2015 MITSUBISHI LANCER XLS,USED,Automatic,"4 cyl, 2.4 L",Front,UNLEADED,8.5 L / 100 km,113986,Red / Black,"GOSNELLS, WA",4 cyl,SEDAN, 4 Doors, 5 Seats,9,3,14963
197d6cc9-0c71-47e8-8795-50a413b2f4d9,TOYOTA,2018.0,HILUX,UTE / TRAY,2018 TOYOTA HILUX WORKMATE,USED,Manual,"4 cyl, 2.7 L",Rear,UNLEADED,11.1 L / 100 km,66914,White / Black,"EAST MAITLAND, NSW",4 cyl,UTE / TRAY, 2 Doors, 2 Seats,7,4,23611
bbac126b-ce96-412b-ad0a-c6fd569bade9,VOLKSWAGEN,2022.0,GOLF,SYDNEY CITY VOLKSWAGEN NEW,2022 VOLKSWAGEN GOLF 110TSI LIFE,DEMO,Automatic,"4 cyl, 1.4 L",Front,PREMIUM,5.9 L / 100 km,2200,Blue / Black,"MASCOT, NSW",4 cyl,WAGON, 4 Doors, 5 Seats,9,3,34624
84bf8a7c-f162-4ee2-87fb-2fc8f68fb308,TOYOTA,2020.0,C-HR,SUV,2020 TOYOTA C-HR STANDARD (2WD),USED,Automatic,"4 cyl, 1.2 L",Front,PREMIUM,6.4 L / 100 km,48860,Red / Black,"SOUTHPORT, QLD",4 cyl,SUV, 5 Doors, 5 Seats,4,10,32263
4524f79a-44fb-49d9-ba80-5da594c529f8,VOLVO,2013.0,XC,MR CAR,2013 VOLVO XC 90,USED,Automatic,-,Other,DIESEL,-,194949,Grey / -,"ROUSE HILL, NSW",-,WAGON,,,3,1,14863
94f3504c-aa47-481f-889a-17e25bfc70f5,SUBARU,2014.0,IMPREZA,HATCHBACK,2014 SUBARU IMPREZA 2.0I LUXURY LIMITED EDITION,USED,Automatic,"4 cyl, 2 L",AWD,UNLEADED,6.8 L / 100 km,104874,- / Black,"TRARALGON, VIC",4 cyl,HATCHBACK, 5 Doors, 5 Seats,10,5,14943
e525cde7-bc97-4a93-badb-42bd7fe67e66,LAND,2010.0,ROVER,SUV,2010 LAND ROVER RANGE ROVER SPORT 3.6 TDV8,USED,Automatic,"8 cyl, 3.6 L",4WD,DIESEL,11.1 L / 100 km,119109,Black / Grey,"HABERFIELD, NSW",8 cyl,SUV, 4 Doors, 5 Seats,4,8,27313
42b307a3-25f0-4500-9269-fccd88fd9f18,FORD,2022.0,RANGER,UTE / TRAY,2022 FORD RANGER WILDTRAK 2.0 (4X4),USED,Automatic,"4 cyl, 2 L",4WD,DIESEL,7.4 L / 100 km,4614,Grey / Black,"MADDINGTON, WA",4 cyl,UTE / TRAY, 4 Doors, 5 Seats,10,1,55671
2939d9df-cd8f-4457-bf72-8400895e1096,MG,2022.0,ZST,SUV,2022 MG ZST ESSENCE,USED,Automatic,"3 cyl, 1.3 L",Front,UNLEADED,7.3 L / 100 km,7990,Grey / -,"GRANVILLE, NSW",3 cyl,SUV, 5 Doors, 5 Seats,9,4,28265
84fba25e-f663-4e4c-b373-3089170b2601,SUBARU,2022.0,WRX,WAGON,2022 SUBARU WRX TS (AWD),USED,Automatic,"4 cyl, 2.4 L",AWD,PREMIUM,8.5 L / 100 km,1435,Blue / Black,"WEST GLADSTONE, QLD",4 cyl,WAGON, 4 Doors, 5 Seats,5,5,56723
ea85fde2-d891-4bca-89c0-9da8167aaf8e,TOYOTA,2021.0,RAV4,SUV,2021 TOYOTA RAV4 EDGE (AWD),USED,Automatic,"4 cyl, 2.5 L",AWD,UNLEADED,7.5 L / 100 km,28785,Blue / -,"ROZELLE, NSW",4 cyl,SUV, 5 Doors, 5 Seats,9,4,47703
776f523c-3709-4655-b6b5-2a5c4030b9eb,MAZDA,2022.0,CX-9,IPSWICH MAZDA,2022 MAZDA CX-9 TOURING (FWD),DEMO,Automatic,"4 cyl, 2.5 L",Front,UNLEADED,8.4 L / 100 km,4890,Grey / -,"IPSWICH, QLD",4 cyl,SUV, 4 Doors, 7 Seats,3,9,50292
8787ef80-67dd-4600-a287-3abe0e2ae75d,FORD,2013.0,TERRITORY,SUV,2013 FORD TERRITORY TITANIUM (4X4),USED,Automatic,"6 cyl, 2.7 L",AWD,DIESEL,9 L / 100 km,156930,Grey / -,"EASTERN CREEK, NSW",6 cyl,SUV, 4 Doors, 7 Seats,1,5,17241
fa2b6048-c274-4c10-b869-7cdeac73fb6a,ISUZU,2015.0,MU-X,SUV,2015 ISUZU MU-X LS-T (4X4),USED,Automatic,"4 cyl, 3 L",4WD,DIESEL,8.4 L / 100 km,98096,Blue / -,"ADAMSTOWN, NSW",4 cyl,SUV, 4 Doors, 7 Seats,4,2,39476
135c290b-205e-4d9e-ad55-36d40bfb8153,HYUNDAI,2019.0,I30,HATCHBACK,2019 HYUNDAI I30 ACTIVE,USED,Automatic,"4 cyl, 2 L",Front,UNLEADED,7.4 L / 100 km,44879,White / -,"BLACKTOWN, NSW",4 cyl,HATCHBACK, 4 Doors, 5 Seats,5,2,23307
9865e880-b06d-4c0a-90d7-33b69e3737de,AUDI,2019.0,Q2,SUV,2019 AUDI Q2 35 TFSI DESIGN (1.4 TFSI),USED,Automatic,"4 cyl, 1.4 L",Front,PREMIUM,5.3 L / 100 km,38049,Grey / Black,"ZETLAND, NSW",4 cyl,SUV, 4 Doors, 5 Seats,10,3,35156
a37928fd-3cbf-4f1d-a16f-0e1a0e4ea245,SUBARU,2015.0,WRX,SEDAN,2015 SUBARU WRX STI PREMIUM,USED,Manual,"4 cyl, 2.5 L",AWD,PREMIUM,10.4 L / 100 km,87096,Blue / -,"HOMEBUSH, NSW",4 cyl,SEDAN, 4 Doors, 5 Seats,3,2,43960
2bef7a24-6a40-42a3-9d0f-1b49625a494f,AUDI,2021.0,Q5,SUV,2021 AUDI Q5 40 TDI QUATTRO MHEV,USED,Automatic,"4 cyl, 2 L",AWD,HYBRID,5.4 L / 100 km,44493,White / Black,"SMEATON GRANGE, NSW",4 cyl,SUV, 4 Doors, 5 Seats,3,3,61402
d5ef8a4e-fa79-443e-b893-f442df6fb202,HOLDEN,2015.0,COLORADO,SUV,2015 HOLDEN COLORADO 7 LT (4X4),USED,Automatic,"4 cyl, 2.8 L",4WD,DIESEL,9.4 L / 100 km,186710,Red / Black,"MARYVILLE, NSW",4 cyl,SUV, 4 Doors, 7 Seats,4,3,23665
f88bf260-2f38-41cb-b4a0-48e598824bc5,MAZDA,2010.0,2,HATCHBACK,2010 MAZDA 2 NEO,USED,Automatic,"4 cyl, 1.5 L",Front,UNLEADED,6.8 L / 100 km,95684,Grey / Grey,"LIDCOMBE, NSW",4 cyl,HATCHBACK, 5 Doors, 5 Seats,7,3,11541
7df0c341-1df6-4c89-8e57-1965b5514858,KIA,2019.0,SORENTO,SUV,2019 KIA SORENTO SPORT (4X4),USED,Automatic,"4 cyl, 2.2 L",AWD,DIESEL,7.2 L / 100 km,67092,Silver / Black,"LITHGOW, NSW",4 cyl,SUV, 4 Doors, 7 Seats,9,8,36015
b70e9b69-3026-4216-9a4b-c244782734c9,ABARTH,2021.0,595,HATCHBACK,2021 ABARTH 595 COMPETIZIONE,USED,Manual,"4 cyl, 1.4 L",Front,PREMIUM,6 L / 100 km,13200,Black / Black,"RYDE, NSW",4 cyl,HATCHBACK, 3 Doors, 4 Seats,3,7,35850
8f8cd082-82dc-4251-9740-9246eeab14d8,MITSUBISHI,2017.0,ASX,SUV,2017 MITSUBISHI ASX LS (2WD),USED,Automatic,"4 cyl, 2 L",Front,UNLEADED,7.4 L / 100 km,89044,White / -,"MINCHINBURY, NSW",4 cyl,SUV, 4 Doors, 5 Seats,7,1,22284
9c170ff8-b78e-4492-b0d5-9d381bef40e2,TOYOTA,2019.0,HIACE,MELVILLE TOYOTA,2019 TOYOTA HIACE COMMUTER HIGH ROOF SUPER LWB,USED,Automatic,-,Rear,DIESEL,-,5288,White / Grey,"MELVILLE, WA",-,COMMERCIAL,,,9,2,68172
90983762-fdd0-47ea-b27d-65c16d9a6724,TOYOTA,2019.0,RAV4,SUV,2019 TOYOTA RAV4 CRUISER 2WD HYBRID,USED,Automatic,"4 cyl, 2.5 L",Front,HYBRID,4.7 L / 100 km,50290,Blue / Black,"EAST MAITLAND, NSW",4 cyl,SUV, 5 Doors, 5 Seats,7,7,49007
66b71a34-74cc-48d3-9367-c0cf27093e21,HOLDEN,2007.0,CAPTIVA,SUV,2007 HOLDEN CAPTIVA LX (4X4),USED,Automatic,"6 cyl, 3.2 L",4WD,UNLEADED,11.5 L / 100 km,205852,White / -,"BERESFIELD, NSW",6 cyl,SUV, 4 Doors, 7 Seats,9,3,6300
56f3ff3d-d05e-417c-8668-afb91e7afefd,GWM,2023.0,UTE,NEW AVAILABLE TO ORDER,2023 GWM UTE CANNON (4X4),NEW,Automatic,"4 cyl, 2 L",4WD,DIESEL,9.4 L / 100 km,- / -,7 years / Unlimited km,,4 cyl,UTE / TRAY, 4 Doors, 5 Seats,7,1,36280
646375d5-c80f-496b-9846-469fdea69fd4,VOLKSWAGEN,2013.0,GOLF,HATCHBACK,2013 VOLKSWAGEN GOLF GTI,USED,Manual,"4 cyl, 2 L",Front,PREMIUM,6.6 L / 100 km,69197,Black / Black,"BLACKTOWN, NSW",4 cyl,HATCHBACK, 5 Doors, 5 Seats,4,6,26508
7a97e6c7-fef5-462f-a20f-63c8af1addc9,VOLKSWAGEN,2014.0,CADDY,MELBOURNE TRUCK AND VANS,2014 VOLKSWAGEN CADDY TDI250,USED,Automatic,-,Other,DIESEL,-,87055,White / -,"PRESTON, VIC",-,COMMERCIAL,,,5,5,26717
a3432d48-e08d-4179-9654-ef37753d1f1e,FORD,2017.0,MUSTANG,COUPE,2017 FORD MUSTANG FASTBACK GT 5.0 V8,USED,Automatic,"8 cyl, 5 L",Rear,PREMIUM,12.6 L / 100 km,67461,White / Black,"ALBION PARK RAIL, NSW",8 cyl,COUPE, 2 Doors, 4 Seats,4,1,47989
beff81d9-ce6f-4106-b2d0-064e1217c4a0,MITSUBISHI,2017.0,OUTLANDER,SUV,2017 MITSUBISHI OUTLANDER LS SAFETY PACK (4X4) 5 SEATS,USED,Automatic,"4 cyl, 2.4 L",AWD,UNLEADED,7.5 L / 100 km,215650,White / Black,"COORPAROO, QLD",4 cyl,SUV, 4 Doors, 5 Seats,8,2,13557
afb42ba5-a91f-4c3a-b94c-3956572c5963,KIA,2008.0,RIO,HATCHBACK,2008 KIA RIO LX,USED,Automatic,"4 cyl, 1.4 L",Front,UNLEADED,6.7 L / 100 km,96500,Orange / -,"MOORABBIN, VIC",4 cyl,HATCHBACK, 5 Doors, 5 Seats,8,5,10648
898360b0-e239-4287-bc1f-60cdfc816049,FORD,2015.0,RANGER,UTE / TRAY,2015 FORD RANGER XL 3.2 (4X4),USED,Manual,"5 cyl, 3.2 L",4WD,DIESEL,8.9 L / 100 km,121100,White / -,"ELDERSLIE, NSW",5 cyl,UTE / TRAY, 4 Doors, 5 Seats,7,3,28976
dc5fdc29-1972-426d-ac0a-41afce561078,GWM,2023.0,HAVAL,MORLEY GWM,2023 GWM HAVAL H6GT LUX (2WD),NEW,Automatic,"4 cyl, 2 L",Front,UNLEADED,7.5 L / 100 km,1,Black / -,"MORLEY, WA",4 cyl,SUV, 4 Doors, 5 Seats,2,2,43552
8c109202-08df-4c7d-8205-8b922dc26511,GWM,2023.0,HAVAL,KEDRON HAVAL & GREAT WALL ONLINE,2023 GWM HAVAL JOLION PREMIUM,NEW,Automatic,"4 cyl, 1.5 L",Front,PREMIUM,8.1 L / 100 km,9,White / Black Cloth,"KEDRON, QLD",4 cyl,SUV, 4 Doors, 5 Seats,6,1,25853
b8fdc0c7-abfc-44bc-91af-c5ba3b1de465,HSV,2017.0,GTSR,SEDAN,2017 HSV GTSR,USED,Automatic,"8 cyl, 6.2 L",Rear,PREMIUM,15 L / 100 km,120494,White / Black,"ASHMORE, QLD",8 cyl,SEDAN, 4 Doors, 5 Seats,6,7,128069
88f2956b-8521-422c-b408-7ff4a63823fb,SUZUKI,2020.0,BALENO,HATCHBACK,2020 SUZUKI BALENO GLX,USED,Automatic,"4 cyl, 1.4 L",Front,UNLEADED,5.2 L / 100 km,19296,White / -,"WEST GOSFORD, NSW",4 cyl,HATCHBACK, 4 Doors, 5 Seats,4,4,23333
11e8de0c-6c37-48db-aacc-b34114510f42,NISSAN,2000.0,SILVIA,EDWARD LEES IMPORTS,2000 NISSAN SILVIA SPEC R GT AERO EDITION SPEC R GT AERO EDITION,USED,Manual,-,Rear,PREMIUM,-,93863,White / Charcoal,"WEST RYDE, NSW",-,COUPE,,,4,6,60317
ebb35800-60b0-43a4-9ec0-70a5006e7726,HYUNDAI,2012.0,VELOSTER,HATCHBACK,2012 HYUNDAI VELOSTER,USED,Automatic,"4 cyl, 1.6 L",Front,UNLEADED,6.4 L / 100 km,165000,Green / -,"ARCHERFIELD, QLD",4 cyl,HATCHBACK, 3 Doors, 4 Seats,8,3,15204
9b7a5244-2718-4bb4-9021-a4cf50733367,HYUNDAI,2012.0,ACCENT,HATCHBACK,2012 HYUNDAI ACCENT ACTIVE CRDI,USED,Automatic,"4 cyl, 1.6 L",Front,DIESEL,5.6 L / 100 km,162000,Silver / -,"ACACIA RIDGE, QLD",4 cyl,HATCHBACK, 5 Doors, 5 Seats,2,2,10462
634543bc-cc06-44c2-8df3-4dbd6b7c1200,HONDA,2014.0,CR-V,SUV,2014 HONDA CR-V VTI (4X4),USED,Automatic,"4 cyl, 2.4 L",4WD,UNLEADED,8.7 L / 100 km,87284,White / -,"EAST MAITLAND, NSW",4 cyl,SUV, 4 Doors, 5 Seats,7,3,23034
5d6ca3e3-a858-443a-bd2e-6563a4a81c8b,LDV,2015.0,G10,COMMERCIAL,2015 LDV G10,USED,Automatic,"4 cyl, 2 L",Rear,UNLEADED,11.7 L / 100 km,100360,White / -,"CARDIFF, NSW",4 cyl,COMMERCIAL, 4 Doors, 2 Seats,7,5,16486
6ae2b392-7884-4a19-8977-5f1782107c2e,HOLDEN,2016.0,CRUZE,WAGON,2016 HOLDEN CRUZE CD,USED,Automatic,"4 cyl, 1.8 L",Front,UNLEADED,7.4 L / 100 km,121339,White / Black,"LILYDALE, VIC",4 cyl,WAGON, 4 Doors, 5 Seats,4,4,15391
e33638ed-8731-4834-bcee-4e8a2f674512,HOLDEN,2018.0,TRAX,SUV,2018 HOLDEN TRAX LS,USED,Automatic,"4 cyl, 1.4 L",Front,UNLEADED,6.7 L / 100 km,75931,White / -,"PAKENHAM, VIC",4 cyl,SUV, 4 Doors, 5 Seats,1,6,17889
05b87812-5344-412c-940d-20a5a0095385,MITSUBISHI,2018.0,ECLIPSE,SUV,2018 MITSUBISHI ECLIPSE CROSS ES (2WD),USED,Automatic,"4 cyl, 1.5 L",Front,UNLEADED,7.3 L / 100 km,96582,White / Cloth,"BERWICK, VIC",4 cyl,SUV, 4 Doors, 5 Seats,6,3,22344
bab520a8-59c5-4f0b-94b8-355145ef6568,JEEP,2012.0,GRAND,SUV,2012 JEEP GRAND CHEROKEE OVERLAND (4X4),USED,Automatic,"6 cyl, 3.6 L",AWD,PREMIUM,11 L / 100 km,181271,Grey / -,"BENTLEY, WA",6 cyl,SUV, 4 Doors, 5 Seats,7,2,23220
e8c09423-4bb0-4116-b611-1a7192ae0ff7,SUBARU,2017.0,FORESTER,SUV,2017 SUBARU FORESTER 2.5I-S,USED,Automatic,"4 cyl, 2.5 L",AWD,UNLEADED,8.1 L / 100 km,45318,Blue / Leather,"LIVERPOOL, NSW",4 cyl,SUV, 4 Doors, 5 Seats,4,3,33033
dfe822d7-e588-4624-8b2d-73b5aad3fa78,TOYOTA,2018.0,COROLLA,HATCHBACK,2018 TOYOTA COROLLA ASCENT SPORT (HYBRID),USED,Automatic,"4 cyl, 1.8 L",Front,HYBRID,4.2 L / 100 km,83667,White / -,"TOOWOOMBA, QLD",4 cyl,HATCHBACK, 5 Doors, 5 Seats,2,5,26816
d11978c6-124f-40c7-8799-d6ae0cd6dd62,TOYOTA,2017.0,LANDCRUISER,UTE / TRAY,2017 TOYOTA LANDCRUISER GXL (4X4),USED,Manual,"8 cyl, 4.5 L",4WD,DIESEL,10.7 L / 100 km,41230,Grey / Grey Cloth,"ELDERSLIE, NSW",8 cyl,UTE / TRAY, 2 Doors, 2 Seats,8,2,71785
0db9bdec-f0c1-4e88-a226-bc0e26c78418,TOYOTA,2021.0,RAV4,SUV,2021 TOYOTA RAV4 EDGE (AWD),USED,Automatic,"4 cyl, 2.5 L",AWD,UNLEADED,7.5 L / 100 km,23206,Red / -,"WODONGA, VIC",4 cyl,SUV, 5 Doors, 5 Seats,10,2,51837
b4be4e40-0b3d-4a12-b6b2-675f3e525589,FORD,2014.0,FOCUS,HATCHBACK,2014 FORD FOCUS TREND,USED,Automatic,"4 cyl, 2 L",Front,UNLEADED,6.6 L / 100 km,121000,Grey / -,"ARCHERFIELD, QLD",4 cyl,HATCHBACK, 5 Doors, 5 Seats,1,5,13630
d9249783-0c9e-43e7-a363-b022beb75e45,FORD,1997.0,MUSTANG,CLANCY MOTORS USED CARS,1997 FORD MUSTANG GT,USED,Automatic,-,Rear,UNLEADED,-,49371,Black / Brown,"KELSO, NSW",-,CONVERTIBLE,,,5,5,31321
5c4272bd-e9af-48fc-8b03-7614e81c547e,HONDA,2014.0,CIVIC,SEDAN,2014 HONDA CIVIC SPORT,USED,Automatic,"4 cyl, 2 L",Front,UNLEADED,7.5 L / 100 km,159621,White / -,"MINCHINBURY, NSW",4 cyl,SEDAN, 4 Doors, 5 Seats,7,4,16198
54827855-9f58-4ee6-9295-8c7c6b02e507,HYUNDAI,2019.0,I30,HATCHBACK,2019 HYUNDAI I30 ACTIVE,USED,Automatic,"4 cyl, 2 L",Front,UNLEADED,7.4 L / 100 km,57706,Blue / -,"VICTORIA PARK, WA",4 cyl,HATCHBACK, 4 Doors, 5 Seats,7,1,24159
af5b273c-021d-4697-b73b-c0ab0bde601a,MAZDA,2018.0,BT-50,UTE / TRAY,2018 MAZDA BT-50 XT (4X2),USED,Manual,"4 cyl, 2.2 L",Rear,DIESEL,8 L / 100 km,163565,White / Black,"PENRITH, NSW",4 cyl,UTE / TRAY, 2 Doors, 3 Seats,5,7,13599
e15a5bc9-1723-4f19-935d-9885de99a73e,HYUNDAI,2019.0,I30,HATCHBACK,2019 HYUNDAI I30 ACTIVE,USED,Automatic,"4 cyl, 2 L",Front,UNLEADED,7.4 L / 100 km,57822,Silver / -,"TWEED HEADS SOUTH, NSW",4 cyl,HATCHBACK, 4 Doors, 5 Seats,8,9,16338
bc51a54d-3559-4461-8950-4a3d1c367ea9,TOYOTA,2014.0,LANDCRUISER,SUV,2014 TOYOTA LANDCRUISER PRADO GX (4X4),USED,Automatic,"4 cyl, 3 L",4WD,DIESEL,8.5 L / 100 km,118041,White / -,"BUNBURY, WA",4 cyl,SUV, 4 Doors, 5 Seats,3,2,36757
895daeb8-77bb-4758-9db3-f4b959ae0a69,TOYOTA,2022.0,LANDCRUISER,SUV,2022 TOYOTA LANDCRUISER PRADO GXL FLAT TAILGATE,USED,Automatic,"4 cyl, 2.8 L",4WD,DIESEL,7.9 L / 100 km,9226,Grey / -,"INDOOROOPILLY, QLD",4 cyl,SUV, 4 Doors, 7 Seats,4,3,69200
0fc0238d-d715-4e0a-b815-daeb23693f88,MITSUBISHI,2021.0,ECLIPSE,SUV,2021 MITSUBISHI ECLIPSE CROSS EXCEED PHEV,USED,Automatic,"4 cyl, 2.4 L",AWD,-,1.9 L / 100 km,11941,Blue / Black,"ELSTERNWICK, VIC",4 cyl,SUV, 4 Doors, 5 Seats,8,2,53343
24443b7e-ac77-43fb-a9e9-572e171913c5,FORD,2020.0,RANGER,UTE / TRAY,2020 FORD RANGER WILDTRAK 2.0 (4X4),USED,Automatic,"4 cyl, 2 L",4WD,DIESEL,7.4 L / 100 km,56076,Grey / -,"WEST GOSFORD, NSW",4 cyl,UTE / TRAY, 4 Doors, 5 Seats,5,2,53586
8fa9a2c7-c157-4c99-ab82-e48fc4ec02cc,MERCEDES-BENZ,2016.0,C63,COUPE,2016 MERCEDES-BENZ C63 S,USED,Automatic,"8 cyl, 4 L",Rear,PREMIUM,8.7 L / 100 km,98438,White / -,"HOMEBUSH, NSW",8 cyl,COUPE, 2 Doors, 4 Seats,5,5,86019
af297391-9b87-4222-b4e5-339063a835c0,FORD,2015.0,EVEREST,SUV,2015 FORD EVEREST TREND,USED,Automatic,"5 cyl, 3.2 L",AWD,DIESEL,8.5 L / 100 km,130875,Red / Grey,"CESSNOCK, NSW",5 cyl,SUV, 4 Doors, 7 Seats,8,5,43298
a4e03da5-d977-4a9e-a57e-89ba2ebc919a,LDV,2022.0,T60,COL CRAWFORD LDV - NEW/DEMO,2022 LDV T60 MAX LUXE (4X4),NEW,Automatic,"4 cyl, 2 L",4WD,DIESEL,9.3 L / 100 km,-,White / -,"BROOKVALE, NSW",4 cyl,UTE / TRAY, 4 Doors, 5 Seats,3,1,42044
9470c253-5886-4e60-9e17-62061c029a21,BMW,2015.0,X3,SUV,2015 BMW X3 XDRIVE 20D,USED,Automatic,"4 cyl, 2 L",4WD,DIESEL,5.4 L / 100 km,134600,Blue / Black,"KEDRON, QLD",4 cyl,SUV, 4 Doors, 5 Seats,8,2,26751
319ddfe7-66e4-482d-9ee6-aa7ae869cc32,HYUNDAI,2020.0,I30,HATCHBACK,2020 HYUNDAI I30,USED,Automatic,"4 cyl, 2 L",Front,UNLEADED,7.4 L / 100 km,36044,White / Black,"GAWLER SOUTH, SA",4 cyl,HATCHBACK, 4 Doors, 5 Seats,8,3,26031
a7aed26f-8aeb-4a11-8968-1bd9e7a973ff,TOYOTA,2019.0,LANDCRUISER,SUV,2019 TOYOTA LANDCRUISER LC200 VX (4X4),USED,Automatic,"8 cyl, 4.5 L",4WD,DIESEL,9.5 L / 100 km,68604,Silver / -,"PENNANT HILLS, NSW",8 cyl,SUV, 4 Doors, 7 Seats,8,2,99809
bf4c2c24-53ad-4ec5-9511-3b0a5211c938,LEXUS,2018.0,NX300,SUV,2018 LEXUS NX300 SPORTS LUXURY (AWD),USED,Automatic,"4 cyl, 2 L",AWD,PREMIUM,7.9 L / 100 km,37980,Grey / Black Leather,"BROOKVALE, NSW",4 cyl,SUV, 4 Doors, 5 Seats,8,3,51497
5e673b99-ea15-4a24-a529-dd3841fcc53a,LAND,2015.0,ROVER,SUV,2015 LAND ROVER DISCOVERY SPORT SD4 HSE,USED,Automatic,"4 cyl, 2.2 L",AWD,DIESEL,6.1 L / 100 km,135174,Grey / -,"BENTLEY, WA",4 cyl,SUV, 4 Doors, 5 Seats,6,2,28188
e1824044-b365-4999-b537-5bec9d656fc3,HYUNDAI,2011.0,I40,WAGON,2011 HYUNDAI I40 PREMIUM,USED,Automatic,"4 cyl, 2 L",Front,UNLEADED,7.7 L / 100 km,248874,Grey / -,"MORAYFIELD, QLD",4 cyl,WAGON, 4 Doors, 5 Seats,5,2,10275
25c579f4-186c-4d33-8171-12eef2e78c79,MAZDA,2012.0,BT-50,UTE / TRAY,2012 MAZDA BT-50 XT (4X2),USED,Automatic,"5 cyl, 3.2 L",Rear,DIESEL,8.9 L / 100 km,328794,White / -,"HOPPERS CROSSING, VIC",5 cyl,UTE / TRAY, 4 Doors, 5 Seats,8,5,14742
d526d660-a7db-4de8-bd47-59fccc35a938,TOYOTA,2021.0,HILUX,UTE / TRAY,2021 TOYOTA HILUX RUGGED X (4X4),USED,Automatic,"4 cyl, 2.8 L",4WD,DIESEL,8.4 L / 100 km,20097,White / Black,"BROOKLYN, VIC",4 cyl,UTE / TRAY, 4 Doors, 5 Seats,7,3,59659
fe66e3c9-b1fb-45bd-9bdd-cea0897eeb20,TOYOTA,2019.0,LANDCRUISER,UTE / TRAY,2019 TOYOTA LANDCRUISER WORKMATE (4X4),USED,Manual,"8 cyl, 4.5 L",4WD,DIESEL,10.7 L / 100 km,99062,White / -,"BENTLEY, WA",8 cyl,UTE / TRAY, 4 Doors, 5 Seats,2,2,100118
61352e32-c89e-49d8-8cc7-446aa3616efb,TOYOTA,2018.0,HILUX,UTE / TRAY,2018 TOYOTA HILUX SR (4X4),USED,Automatic,"4 cyl, 2.8 L",4WD,DIESEL,8.5 L / 100 km,37726,White / -,"CARDIFF, NSW",4 cyl,UTE / TRAY, 4 Doors, 5 Seats,4,4,46349
f0f973a9-1494-4d6d-b91c-0d8a4d1fda2c,MAZDA,2023.0,BT-50,BRIGHTON MAZDA NEW & DEMO,2023 MAZDA BT-50 XS (4X2),NEW,Automatic,"4 cyl, 1.9 L",Front,DIESEL,7 L / 100 km,-,White / Black Cloth,"BRIGHTON, VIC",4 cyl,UTE / TRAY, 2 Doors, 2 Seats,7,5,40084
9b7fcd08-dfb7-463d-be91-8615eaf09e87,TOYOTA,2021.0,LANDCRUISER,SUV,2021 TOYOTA LANDCRUISER PRADO GXL FLAT TAILGATE,USED,Automatic,"4 cyl, 2.8 L",4WD,DIESEL,7.9 L / 100 km,40176,Grey / Grey,"LILYDALE, VIC",4 cyl,SUV, 4 Doors, 7 Seats,7,5,68873
4d8146e7-f589-410f-9c94-d842006dcb8b,AUDI,2013.0,Q3,SUV,2013 AUDI Q3 2.0 TFSI QUATTRO (125KW),USED,Automatic,"4 cyl, 2 L",AWD,PREMIUM,7.7 L / 100 km,88514,Black / -,"WOLLONGONG, NSW",4 cyl,SUV, 4 Doors, 5 Seats,9,1,21615
446b2167-7231-4fab-8dfe-6d9eee1f2a46,VOLKSWAGEN,2012.0,PASSAT,WAGON,2012 VOLKSWAGEN PASSAT 118 TSI,USED,Automatic,"4 cyl, 1.8 L",Front,PREMIUM,7.5 L / 100 km,130545,Grey / -,"CARDIFF, NSW",4 cyl,WAGON, 4 Doors, 5 Seats,10,2,13472
e30f3d30-daef-494c-b621-1e128b4ee16f,NISSAN,2019.0,X-TRAIL,SUV,2019 NISSAN X-TRAIL ST (2WD) (5YR),USED,Manual,"4 cyl, 2 L",Front,UNLEADED,8.2 L / 100 km,24980,Black / -,"HAMILTON, NSW",4 cyl,SUV, 4 Doors, 5 Seats,8,4,29490
fc22b4e8-46c0-41f9-8d4f-b66a78c1fd78,AUDI,2014.0,Q3,SUV,2014 AUDI Q3 2.0 TFSI QUATTRO (125KW),USED,Automatic,"4 cyl, 2 L",AWD,PREMIUM,7.7 L / 100 km,104934,White / Black,"ALPHINGTON, VIC",4 cyl,SUV, 4 Doors, 5 Seats,8,2,21981
77909066-c04f-46f4-a467-ddcdde12d16c,MAZDA,2009.0,CX-7,SUV,2009 MAZDA CX-7 CLASSIC (FWD),USED,Automatic,"4 cyl, 2.5 L",Front,UNLEADED,9.4 L / 100 km,202043,White / Black,"RINGWOOD, VIC",4 cyl,SUV, 4 Doors, 5 Seats,8,1,11956
8fddc578-9aa0-4dc4-be14-fe84ef499457,FORD,2016.0,EVEREST,SUV,2016 FORD EVEREST TITANIUM,USED,Automatic,"5 cyl, 3.2 L",AWD,DIESEL,8.5 L / 100 km,106249,White / Leather,"BLACKTOWN, NSW",5 cyl,SUV, 4 Doors, 7 Seats,7,6,46156
f890e7f0-167e-400b-ab81-bd81764ab367,SUZUKI,2020.0,SWIFT,HATCHBACK,2020 SUZUKI SWIFT GL NAVI PLUS,USED,Automatic,"4 cyl, 1.2 L",Front,UNLEADED,4.8 L / 100 km,10604,Blue / Cloth,"BELCONNEN, ACT",4 cyl,HATCHBACK, 5 Doors, 5 Seats,2,8,19011
a90adc2b-e939-4e10-a5ee-6b3cb4f70a3f,VOLKSWAGEN,2016.0,TIGUAN,SUV,2016 VOLKSWAGEN TIGUAN 140 TDI HIGHLINE,USED,Automatic,"4 cyl, 2 L",AWD,DIESEL,5.9 L / 100 km,50417,White / Black,"WEST FOOTSCRAY, VIC",4 cyl,SUV, 4 Doors, 5 Seats,5,4,41856
aa90ecc9-c27a-40c8-8174-9e6c411c8191,NISSAN,2012.0,DUALIS,SUV,2012 NISSAN DUALIS +2 TI-L (4X2),USED,Automatic,"4 cyl, 2 L",Front,UNLEADED,8.5 L / 100 km,390488,Silver / -,"MOOROOKA, QLD",4 cyl,SUV, 4 Doors, 7 Seats,5,9,11132
19a7cbf6-ac2e-470a-a242-774c9382f8df,BMW,2016.0,I8,ALTO VOLKSWAGEN USED CARS,2016 BMW I8 AWD,USED,Automatic,-,Other,PREMIUM,-,87898,White / Black,"BLACKTOWN, NSW",-,COUPE,,,8,3,126527
0de7dd73-58f1-433a-8e52-2f5eb28e555d,TOYOTA,2021.0,HILUX,UTE / TRAY,2021 TOYOTA HILUX SR5 (4X4),USED,Automatic,"4 cyl, 2.8 L",4WD,DIESEL,7.9 L / 100 km,26090,White / Black,"MYAREE, WA",4 cyl,UTE / TRAY, 4 Doors, 5 Seats,2,1,63038
d0c96ea5-935a-4687-9088-cd1358a6a2a6,PORSCHE,2007.0,CAYENNE,MR CAR,2007 PORSCHE CAYENNE 9PA V8 WAGON 4DR SPTS AUTO 6SP 4X4 4.8I LUXURY,USED,Automatic,-,Other,UNLEADED,-,135189,Black / -,"ROUSE HILL, NSW",-,WAGON,,,9,1,18800
87df65bf-5a7c-4dc3-a300-ba77ce151e0d,HYUNDAI,2016.0,ACCENT,HYON MOTORS,2016 HYUNDAI ACCENT,USED,Automatic,-,Other,UNLEADED,-,139755,White / Grey  Cloth,"CAMPBELLFIELD, VIC",-,HATCHBACK,,,6,2,13134
6909d3ed-87b3-4c07-a81f-fa5b230faff6,SUBARU,2020.0,FORESTER,SUV,2020 SUBARU FORESTER 2.5I (AWD),USED,Automatic,"4 cyl, 2.5 L",AWD,UNLEADED,7.4 L / 100 km,54641,Silver / Black,"ELSTERNWICK, VIC",4 cyl,SUV, 4 Doors, 5 Seats,8,4,32077
fd84a399-278f-41cd-b351-a8026759299d,HOLDEN,2017.0,COLORADO,JR MOTORS WORLD,2017 HOLDEN COLORADO RG LS UTILITY CREW CAB 4DR SPTS AUTO 6SP 4X4 2.8DT,USED,Automatic,-,Other,-,-,130220,Blue / -,"BLACKTOWN, NSW",-,UTE / TRAY,,,4,3,35440
3d18f8b9-5f64-4df5-b943-d1dc60ff3d97,PEUGEOT,2018.0,3008,SUV,2018 PEUGEOT 3008 GT,USED,Automatic,"4 cyl, 2 L",Front,DIESEL,4.8 L / 100 km,86490,Black / -,"ALEXANDRIA, NSW",4 cyl,SUV, 4 Doors, 5 Seats,8,3,31942
b7848da4-29a7-435d-8831-c0428c90011e,MERCEDES-BENZ,2019.0,GLC200,SUV,2019 MERCEDES-BENZ GLC200,USED,Automatic,"4 cyl, 2 L",AWD,PREMIUM,7.2 L / 100 km,32883,Grey / -,"ROZELLE, NSW",4 cyl,SUV, 4 Doors, 5 Seats,6,1,58087
4b114959-9a2f-4e61-872c-c6b2cebe9653,MERCEDES-BENZ,2018.0,AMG,LORBEK LUXURY CARS SYDNEY,2018 MERCEDES-BENZ AMG GT C,USED,Automatic,-,Rear,PREMIUM,-,1044,Black / -,"RUSHCUTTERS BAY, NSW",-,COUPE,,,4,5,248852
15f405fe-9628-4a5d-bd8f-c4a429d6e015,SUBARU,2018.0,FORESTER,SUV,2018 SUBARU FORESTER 2.5I-L,USED,Automatic,"4 cyl, 2.5 L",AWD,UNLEADED,8.1 L / 100 km,77785,White / -,"RUTHERFORD, NSW",4 cyl,SUV, 4 Doors, 5 Seats,3,1,29207
f7f6eb5c-f971-4dc8-9b22-4686c3ede6fb,NISSAN,2019.0,QASHQAI,SUV,2019 NISSAN QASHQAI ST (5YR),USED,Automatic,"4 cyl, 2 L",Front,UNLEADED,6.9 L / 100 km,63562,White / -,"MOORABBIN, VIC",4 cyl,SUV, 4 Doors, 5 Seats,8,5,26672
cf137488-57b1-4925-9873-d392439b91e5,JEEP,2019.0,GRAND,KNOX FORD & JEEP,2019 JEEP GRAND CHEROKEE SUMMIT,USED,Automatic,-,Other,DIESEL,-,28537,Black / -,"FERNTREE GULLY, VIC",-,WAGON,,,5,1,63031
94349344-5315-4906-b78d-b5cc429b8107,HOLDEN,2015.0,CRUZE,SEDAN,2015 HOLDEN CRUZE EQUIPE,USED,Automatic,"4 cyl, 1.8 L",Front,UNLEADED,7.4 L / 100 km,75802,White / -,"BLAIR ATHOL, SA",4 cyl,SEDAN, 4 Doors, 5 Seats,4,5,13400
92f3367a-636f-4fa8-bc82-f5a4a34920df,TOYOTA,2003.0,LANDCRUISER,SUV,2003 TOYOTA LANDCRUISER PRADO GXL (4X4),USED,Automatic,"4 cyl, 3 L",4WD,DIESEL,12.6 L / 100 km,319132,- / -,"PINELANDS, NT",4 cyl,SUV, 4 Doors, 8 Seats,9,2,25076
348738a1-70d5-4eb4-b969-a0846d7a6d24,HOLDEN,2013.0,COMMODORE,SEDAN,2013 HOLDEN COMMODORE SV6 Z-SERIES,USED,Manual,"6 cyl, 3.6 L",Rear,UNLEADED,9.7 L / 100 km,158134,White / Black,"MINCHINBURY, NSW",6 cyl,SEDAN, 4 Doors, 5 Seats,8,5,19226
ad41ea55-260a-4f14-b5e7-4383d942805c,MITSUBISHI,2021.0,ASX,SUV,2021 MITSUBISHI ASX ES (2WD),USED,Automatic,"4 cyl, 2 L",Front,UNLEADED,7.6 L / 100 km,44645,White / -,"LIVERPOOL, NSW",4 cyl,SUV, 4 Doors, 5 Seats,4,4,28735
495829d6-d4f6-45b4-9386-a13717313b60,HONDA,2005.0,ACCORD,SEDAN,2005 HONDA ACCORD EURO EURO,USED,Automatic,"4 cyl, 2.4 L",Front,PREMIUM,9.4 L / 100 km,225321,Grey / -,"HAMILTON, QLD",4 cyl,SEDAN, 4 Doors, 5 Seats,8,1,6602
8ad8f46e-4c0a-459c-8632-88c30f727b55,MERCEDES-BENZ,2017.0,B200,HATCHBACK,2017 MERCEDES-BENZ B200,USED,Automatic,"4 cyl, 1.6 L",Front,PREMIUM,5.9 L / 100 km,51923,Silver / -,"KIRRAWEE, NSW",4 cyl,HATCHBACK, 5 Doors, 5 Seats,7,5,21442
d6e1e2a4-7863-4314-bf86-b2d25cf05226,BMW,2014.0,5,USED DEALER AD,2014 BMW 5 SERIES 20D,USED,Automatic,-,Other,DIESEL,-,134816,Black / -,"ROUSE HILL, NSW",-,,,,8,2,28196
c29f88e1-8e85-48e9-9fbc-92b182c6ae66,HOLDEN,2010.0,COMMODORE,WAGON,2010 HOLDEN COMMODORE INTERNATIONAL,USED,Automatic,"6 cyl, 3 L",Rear,UNLEADED,9.3 L / 100 km,214330,Black / -,"NEWTOWN, VIC",6 cyl,WAGON, 4 Doors, 5 Seats,1,4,9311
440c8971-e2d6-41b5-928f-2eff4e67c716,MITSUBISHI,2019.0,ASX,SUV,2019 MITSUBISHI ASX ES (2WD),USED,Automatic,"4 cyl, 2 L",Front,UNLEADED,7.6 L / 100 km,97628,White / -,"MORPHETT VALE, SA",4 cyl,SUV, 4 Doors, 5 Seats,4,2,25120
d4ce8ac1-69df-420e-a3de-29b725bd1409,TOYOTA,2023.0,GR,HATCHBACK,2023 TOYOTA GR COROLLA GTS,USED,Manual,"3 cyl, 1.6 L",AWD,-,8.4 L / 100 km,1321,White / -,"HAMILTON, NSW",3 cyl,HATCHBACK, 5 Doors, 5 Seats,4,3,82387
9a3b98e5-a49a-4b31-8d73-800a3a1ca29d,LAND,2015.0,ROVER,SUV,2015 LAND ROVER RANGE ROVER AUTOBIOGRAPHY 5.0 V8 SC,USED,Automatic,"8 cyl, 5 L",AWD,PREMIUM,13.8 L / 100 km,35036,Black / -,"ARTARMON, NSW",8 cyl,SUV, 4 Doors, 5 Seats,9,3,108520
97364418-0cbf-4462-ae68-a2a42db09ec4,TOYOTA,2007.0,COROLLA,SEDAN,2007 TOYOTA COROLLA ULTIMA,USED,Automatic,"4 cyl, 1.8 L",Front,UNLEADED,7.4 L / 100 km,177751,Silver / -,"MINCHINBURY, NSW",4 cyl,SEDAN, 4 Doors, 5 Seats,1,4,10898
f0fd6b2a-9028-46d5-ac9b-afb34ec15287,CHRYSLER,2019.0,300,SEDAN,2019 CHRYSLER 300 SRT CORE,USED,Automatic,"8 cyl, 6.4 L",Rear,PREMIUM,13 L / 100 km,130151,White / -,"CAMPBELLTOWN, NSW",8 cyl,SEDAN, 4 Doors, 5 Seats,2,5,52051
768b853f-835b-4570-9745-8da2580d30a1,TOYOTA,2009.0,RAV4,SUV,2009 TOYOTA RAV4 CRUISER L (4X4),USED,Automatic,"4 cyl, 2.4 L",4WD,UNLEADED,9.6 L / 100 km,122000,Silver / Black,"RINGWOOD, VIC",4 cyl,SUV, 4 Doors, 5 Seats,4,2,17610
b722e22a-6ca6-42b8-979b-1efcecc2e15a,MERCEDES-BENZ,2015.0,S-CLASS,"02 **** ****
",2015 MERCEDES-BENZ S-CLASS,USED,-,-,Other,UNLEADED,-,107572,Black / -,"SMEATON GRANGE, NSW",-,,,,4,1,56256
3a95a731-1d30-46f0-90de-5c3cc3d8e18e,HOLDEN,2013.0,COLORADO,UTE / TRAY,2013 HOLDEN COLORADO LX (4X2),USED,Automatic,"4 cyl, 2.8 L",Rear,DIESEL,8.9 L / 100 km,195055,White / -,"TOOWOOMBA, QLD",4 cyl,UTE / TRAY, 2 Doors, 2 Seats,7,5,16521
709babf0-9dab-4ae3-b975-ef2ca8028170,BMW,2016.0,435I,HATCHBACK,2016 BMW 435I GRAN COUPE M SPORT,USED,Automatic,"6 cyl, 3 L",Rear,PREMIUM,7.6 L / 100 km,105672,Black / Black Leather,"RYDALMERE, NSW",6 cyl,HATCHBACK, 5 Doors, 5 Seats,4,2,31081
7d48defb-e03e-44b4-9fba-2ca651b5f0f9,FORD,2015.0,RANGER,UTE / TRAY,2015 FORD RANGER WILDTRAK 3.2 (4X4),USED,Manual,"5 cyl, 3.2 L",4WD,DIESEL,8.3 L / 100 km,239156,White / Grey,"CROYDON, NSW",5 cyl,UTE / TRAY, 4 Doors, 5 Seats,2,2,19138
5e8bfe21-4f52-48fe-8a9b-de9432e489c2,NISSAN,2015.0,NAVARA,UTE / TRAY,2015 NISSAN NAVARA ST (4X2),USED,Automatic,"4 cyl, 2.3 L",Rear,DIESEL,6.8 L / 100 km,354000,White / -,"MOORABBIN, VIC",4 cyl,UTE / TRAY, 4 Doors, 5 Seats,6,1,14066
8281b9be-b767-4062-a37c-0a1f3f44da57,LEXUS,2005.0,IS250,SEDAN,2005 LEXUS IS250 PRESTIGE,USED,Automatic,"6 cyl, 2.5 L",Rear,PREMIUM,9.7 L / 100 km,232162,Silver / -,"NOWRA, NSW",6 cyl,SEDAN, 4 Doors, 5 Seats,1,3,10392
2ff7c640-9d8c-4413-b439-04bd60135625,HYUNDAI,2016.0,I30,HATCHBACK,2016 HYUNDAI I30 ACTIVE,USED,Automatic,"4 cyl, 1.8 L",Front,UNLEADED,7.3 L / 100 km,72363,White / -,"LIVERPOOL, NSW",4 cyl,HATCHBACK, 5 Doors, 5 Seats,8,4,17418
925e28fd-d9ec-4eb6-a89d-80886b7fe19d,FORD,1999.0,FESTIVA,HATCHBACK,1999 FORD FESTIVA GLXI,USED,Manual,"4 cyl, 1.5 L",Front,UNLEADED,7.6 L / 100 km,213177,Silver / Grey,"FIVE DOCK, NSW",4 cyl,HATCHBACK, 5 Doors, 5 Seats,7,6,2407
3e262ce8-8bb6-40e2-b06c-8c5b2f6efe92,HOLDEN,2014.0,COLORADO,UTE / TRAY,2014 HOLDEN COLORADO LX (4X4),USED,Manual,"4 cyl, 2.8 L",4WD,DIESEL,8.1 L / 100 km,237559,White / Grey,"ARCHERFIELD, QLD",4 cyl,UTE / TRAY, 2 Doors, 2 Seats,6,4,16400
f796d983-83c5-4e0c-a65a-95ba38bc4f46,FORD,2011.0,FOCUS,HATCHBACK,2011 FORD FOCUS AMBIENTE,USED,Manual,"4 cyl, 1.6 L",Front,UNLEADED,6.2 L / 100 km,204000,Blue / -,"GRANVILLE, NSW",4 cyl,HATCHBACK, 5 Doors, 5 Seats,2,2,5931
02abd8f7-66fd-4d34-a26f-3b65b2f6e396,AUDI,2022.0,Q2,AUDI CENTRE MELBOURNE,2022 AUDI Q2 35 TFSI,DEMO,Automatic,"4 cyl, 1.5 L",Front,PREMIUM,5.2 L / 100 km,1500,Silver / Black,"MELBOURNE, VIC",4 cyl,SUV, 4 Doors, 5 Seats,2,4,59751
fd7cb25a-6a0f-44e4-97e5-ac8931f8eb08,CHEVROLET,2021.0,SILVERADO,UTE / TRAY,2021 CHEVROLET SILVERADO 1500 LT TRAIL BOSS,USED,Automatic,"8 cyl, 6.2 L",4WD,UNLEADED,0 L / 100 km,40017,Red / -,"ALEXANDRIA, NSW",8 cyl,UTE / TRAY, 4 Doors, 5 Seats,7,2,121026
30186f2d-45b7-4e8c-8ab8-db4ffd071c4f,KIA,2017.0,SPORTAGE,SUV,2017 KIA SPORTAGE SI (AWD),USED,Automatic,"4 cyl, 2 L",AWD,DIESEL,6.8 L / 100 km,94876,White / Black,"ALBION PARK, NSW",4 cyl,SUV, 4 Doors, 5 Seats,8,5,21524
f1f49eab-1cbb-4686-9309-eb251c721e1f,SUZUKI,2022.0,JIMNY,SUV,2022 SUZUKI JIMNY,USED,Automatic,"4 cyl, 1.5 L",4WD,UNLEADED,6.9 L / 100 km,10,Green / Cloth,"MORNINGTON, VIC",4 cyl,SUV, 2 Doors, 4 Seats,2,3,45079
81802e0e-2584-4dc9-8de5-e11aaddf1943,SUBARU,2018.0,FORESTER,SUV,2018 SUBARU FORESTER 2.5I-L,USED,Automatic,"4 cyl, 2.5 L",AWD,UNLEADED,8.1 L / 100 km,39824,Brown / -,"TAREE, NSW",4 cyl,SUV, 4 Doors, 5 Seats,9,5,35614
83734b5f-ff4c-4a19-a92b-b6451cb93ac4,BMW,2004.0,X3,SUV,2004 BMW X3 3.0I,USED,Automatic,"6 cyl, 3 L",4WD,PREMIUM,17.4 L / 100 km,138278,Silver / -,"BRAYBROOK, VIC",6 cyl,SUV, 4 Doors, 5 Seats,7,2,11973
8e429b19-79f6-4f11-b5f6-75fd1e3f3a4d,TOYOTA,2021.0,C-HR,SUV,2021 TOYOTA C-HR GR-S (2WD) HYBRID,USED,Automatic,"4 cyl, 1.8 L",Front,HYBRID,4.3 L / 100 km,21958,White / Black,"PARA HILLS WEST, SA",4 cyl,SUV, 4 Doors, 5 Seats,6,8,41239
b7d3f4a5-a426-4a4a-b51c-cde178707bc4,FORD,2007.0,FALCON,UTE / TRAY,2007 FORD FALCON XLS,USED,Automatic,"6 cyl, 4 L",Rear,UNLEADED,11.1 L / 100 km,252528,Silver / -,"WESTCOURT, QLD",6 cyl,UTE / TRAY, 2 Doors, 2 Seats,4,2,8934
330aa996-6bcd-425b-bfcb-934105664372,TOYOTA,2007.0,COROLLA,HATCHBACK,2007 TOYOTA COROLLA LEVIN ZR,USED,Automatic,"4 cyl, 1.8 L",Front,UNLEADED,7.7 L / 100 km,176897,- / -,"MOORABBIN, VIC",4 cyl,HATCHBACK, 5 Doors, 5 Seats,4,1,11856
b4cc0bf6-a35e-4525-bf51-b96978303ab8,MITSUBISHI,2019.0,ASX,SUV,2019 MITSUBISHI ASX BLACK EDITION (2WD),USED,Automatic,"4 cyl, 2 L",Front,UNLEADED,7.6 L / 100 km,33064,White / -,"WELSHPOOL, WA",4 cyl,SUV, 4 Doors, 5 Seats,4,1,27940
2767618b-4a16-445c-8aed-c667b4f24481,KIA,2019.0,CERATO,SEDAN,2019 KIA CERATO S,USED,Automatic,"4 cyl, 2 L",Front,UNLEADED,7.4 L / 100 km,50974,Silver / -,"BENTLEY, WA",4 cyl,SEDAN, 4 Doors, 5 Seats,8,5,20636
6f2fc0dc-ae15-45b3-bd16-b7f8ca7b880e,GWM,2023.0,UTE,NEW AVAILABLE TO ORDER,2023 GWM UTE CANNON-X (4X4),NEW,Automatic,"4 cyl, 2 L",4WD,DIESEL,9.4 L / 100 km,- / -,7 years / Unlimited km,,4 cyl,UTE / TRAY, 4 Doors, 5 Seats,6,6,39150
d2e9247d-3830-4bc6-80b5-bd78d843336a,TOYOTA,2005.0,COROLLA,HATCHBACK,2005 TOYOTA COROLLA ASCENT SECA,USED,Manual,"4 cyl, 1.8 L",Front,UNLEADED,8 L / 100 km,207000,- / -,"BROOKLYN, VIC",4 cyl,HATCHBACK, 5 Doors, 5 Seats,8,5,6596
75264da1-cd17-4ada-91aa-bdd70718e2a7,CHERY,2023.0,OMODA5,MANTELLO LDV & SUZUKI NEW CARS,2023 CHERY OMODA5 DISTINCT,NEW,Automatic,"4 cyl, 1.5 L",Front,-,6.9 L / 100 km,-,White / Black,"FAWKNER, VIC",4 cyl,SUV, 4 Doors, 5 Seats,6,4,33512
9e163a26-5b4c-45a3-b5a6-f07a14c0d40d,HOLDEN,2016.0,COMMODORE,SEDAN,2016 HOLDEN COMMODORE SS-V,USED,Manual,"8 cyl, 6.2 L",Rear,PREMIUM,11.5 L / 100 km,48639,Red / -,"BROOKVALE, NSW",8 cyl,SEDAN, 4 Doors, 5 Seats,8,3,57742
6c34f7fe-29c6-40bd-8868-12be81c921bd,MITSUBISHI,2018.0,OUTLANDER,SUV,2018 MITSUBISHI OUTLANDER ES ADAS 5 SEAT (2WD),USED,Automatic,"4 cyl, 2.4 L",Front,UNLEADED,6.8 L / 100 km,93698,White / Black,"EDGEWATER, WA",4 cyl,SUV, 4 Doors, 5 Seats,1,2,22326
7972f730-765d-42ef-a407-ba4d1ead2dc9,PORSCHE,1998.0,BOXSTER,CONVERTIBLE,1998 PORSCHE BOXSTER,USED,Manual,"6 cyl, 2.5 L",Rear,PREMIUM,0 L / 100 km,134000,Silver / Black,"SUMNER, QLD",6 cyl,CONVERTIBLE, 2 Doors, 2 Seats,5,1,26944
dd52dc50-a88e-47c8-b73e-227f9ccb8069,HOLDEN,2011.0,CRUZE,SEDAN,2011 HOLDEN CRUZE SRI,USED,Manual,"4 cyl, 1.4 L",Front,UNLEADED,6.4 L / 100 km,192503,Silver / -,"MINCHINBURY, NSW",4 cyl,SEDAN, 4 Doors, 5 Seats,4,2,6116
daf7be0f-70ab-4641-bd95-ca1a2844ae13,MITSUBISHI,2018.0,TRITON,UTE / TRAY,2018 MITSUBISHI TRITON GLS (4X4),USED,Automatic,"4 cyl, 2.4 L",4WD,DIESEL,7.6 L / 100 km,130730,Grey / Mmajykl10Jh022022,"BERWICK, VIC",4 cyl,UTE / TRAY, 4 Doors, 5 Seats,6,2,31052
4a14df90-0641-4595-b27e-3dd1755d621c,CHEVROLET,2021.0,SILVERADO,UTE / TRAY,2021 CHEVROLET SILVERADO 1500 LT TRAIL BOSS,USED,Automatic,"8 cyl, 6.2 L",4WD,UNLEADED,0 L / 100 km,32594,Blue / Black,"ASHMORE, QLD",8 cyl,UTE / TRAY, 4 Doors, 5 Seats,10,3,112736
e9e60deb-2fdc-43c5-abd9-d6c0565443a8,HSV,2017.0,GTSR,SEDAN,2017 HSV GTSR,USED,Manual,"8 cyl, 6.2 L",Rear,PREMIUM,15.1 L / 100 km,26000,Green / Black,"WANGARA, WA",8 cyl,SEDAN, 4 Doors, 5 Seats,7,5,162324
bc227d2a-af7f-4ab7-8b2c-b54f1e22e613,SUBARU,2020.0,FORESTER,SUV,2020 SUBARU FORESTER 2.5I (AWD),USED,Automatic,"4 cyl, 2.5 L",AWD,UNLEADED,7.4 L / 100 km,47453,White / -,"WELSHPOOL, WA",4 cyl,SUV, 4 Doors, 5 Seats,2,2,29219
ce040dbe-454c-4978-beca-d550b9bf7a07,NISSAN,2014.0,X-TRAIL,SUV,2014 NISSAN X-TRAIL TL (4X4),USED,Manual,"4 cyl, 1.6 L",4WD,DIESEL,5.3 L / 100 km,179968,Silver / Grey,"WOODRIDGE, QLD",4 cyl,SUV, 4 Doors, 5 Seats,4,4,18948
2c11eb0d-3aa4-42b9-b77d-7fc1eecc4f46,LDV,2023.0,DELIVER,,2023 LDV DELIVER 9 DEL921,NEW,-,-,Other,-,-,-,White / -,"BROOKVALE, NSW",-,,,,5,2,52639
